Spiel,Heimgewinn Chance,Unentschieden Chance,Auswärtsgewinn Chance
Lausanne vs FC Zurich,0.05421534,0.2274383,0.71834636
FC Winterthur vs Stade Lausanne-Ouchy,0.4681635,0.19993053,0.331906
Grasshoppers vs FC ST. Gallen,0.63121647,0.24136919,0.12741433
Yverdon Sport vs FC Basel 1893,0.33611697,0.43456993,0.22931315
FC Luzern vs Servette FC,0.21882477,0.16694263,0.6142326
BSC Young Boys vs FC Lugano,0.68693405,0.24351576,0.06955023
