Spiel,Heimgewinn Chance,Unentschieden Chance,Auswärtsgewinn Chance
FC ST. Gallen vs Lausanne,0.7336684,0.17003861,0.09629293
Stade Lausanne-Ouchy vs Grasshoppers,0.4126335,0.37115565,0.21621084
FC Winterthur vs Yverdon Sport,0.49899343,0.08319752,0.41780916
Servette FC vs BSC Young Boys,0.31210852,0.5534271,0.1344644
FC Basel 1893 vs FC Zurich,0.14716285,0.42791155,0.4249256
FC Luzern vs FC Lugano,0.31034565,0.45697466,0.2326797
