Spiel,Heimgewinn Chance,Unentschieden Chance,Auswärtsgewinn Chance
Lausanne vs FC Basel 1893,0.20485683,0.3990633,0.39607993
FC Lugano vs BSC Young Boys,0.34588164,0.20318678,0.45093155
Servette FC vs FC Luzern,0.28700078,0.6222801,0.09071913
FC ST. Gallen vs Grasshoppers,0.63315475,0.29410252,0.07274272
Yverdon Sport vs FC Winterthur,0.6626103,0.15204127,0.1853484
FC Zurich vs Stade Lausanne-Ouchy,0.6717227,0.20135966,0.1269176
