Spiel,Heimgewinn Chance,Unentschieden Chance,Auswärtsgewinn Chance
FC Winterthur vs FC Zurich,0.07312501,0.4275329,0.49934202
Grasshoppers vs Yverdon Sport,0.7281871,0.10046884,0.17134412
FC Luzern vs FC Basel 1893,0.3172412,0.130981,0.55177784
Servette FC vs FC Lugano,0.29082164,0.58592564,0.12325269
FC ST. Gallen vs FC Zurich,0.22491872,0.55187696,0.22320433
Stade Lausanne-Ouchy vs BSC Young Boys,0.04827497,0.63759166,0.31413338
FC Winterthur vs Lausanne,0.40524727,0.2937142,0.30103847
