Spiel,Heimgewinn Chance,Unentschieden Chance,Auswärtsgewinn Chance
Lausanne vs Grasshoppers,0.42452925,0.1675583,0.40791243
FC Lugano vs FC ST. Gallen,0.43023252,0.20929074,0.36047667
Servette FC vs FC Zurich,0.5849029,0.20363599,0.21146108
FC Luzern vs Stade Lausanne-Ouchy,0.50473064,0.2901436,0.2051258
FC Basel 1893 vs FC Winterthur,0.7235666,0.20176062,0.07467282
Yverdon Sport vs BSC Young Boys,0.11418211,0.4198744,0.46594352
