Spiel,Heimgewinn Chance,Unentschieden Chance,Auswärtsgewinn Chance
FC Basel 1893 vs FC ST. Gallen,0.42608592,0.37019402,0.20372002
Lausanne vs Stade Lausanne-Ouchy,0.32573593,0.16447727,0.50978684
FC Luzern vs FC Winterthur,0.7166074,0.19461429,0.088778324
Servette FC vs Grasshoppers,0.68594307,0.19361566,0.12044134
Yverdon Sport vs FC Lugano,0.29835227,0.350648,0.35099974
FC Zurich vs BSC Young Boys,0.055023875,0.636103,0.3088732
