Spiel,Heimgewinn Chance,Unentschieden Chance,Auswärtsgewinn Chance
Stade Lausanne-Ouchy vs Servette FC,0.49055177,0.36791387,0.14153443
BSC Young Boys vs FC Winterthur,0.49055177,0.36791387,0.14153443
FC Zurich vs FC Lugano,0.49055177,0.36791387,0.14153443
Lausanne vs Yverdon Sport,0.49055177,0.36791387,0.14153443
Grasshoppers vs FC Basel 1893,0.49055177,0.36791387,0.14153443
FC ST. Gallen vs FC Luzern,0.49055177,0.36791387,0.14153443
