Spiel,Heimgewinn Chance,Unentschieden Chance,Auswärtsgewinn Chance
FC Basel 1893 vs FC Winterthur,0.7326789,0.11788339,0.14943765
Grasshoppers vs FC ST. Gallen,0.6708801,0.14940427,0.1797156
FC Lugano vs Yverdon Sport,0.69824195,0.21781404,0.08394398
FC Zurich vs Stade Lausanne-Ouchy,0.50790375,0.3999648,0.09213147
Lausanne vs BSC Young Boys,0.14935431,0.33265263,0.5179931
FC Luzern vs Servette FC,0.42637363,0.14648339,0.42714292
