Spiel,Heimgewinn Chance,Unentschieden Chance,Auswärtsgewinn Chance
FC Winterthur vs Servette FC,0.14044683,0.3040988,0.5554544
Luzern vs St. Gallen,0.67960566,0.121608764,0.19878565
Sion vs Young Boys,0.049738992,0.14597647,0.8042846
Basel vs Lugano,0.11097981,0.3083111,0.5807091
Zürich vs Grasshopper,0.20835038,0.24553536,0.54611427
