Spiel,Heimgewinn Chance,Unentschieden Chance,Auswärtsgewinn Chance
Grasshoppers vs Stade Lausanne-Ouchy,0.45988926,0.07660161,0.46350914
FC Lugano vs FC Zurich,0.5265533,0.27123225,0.20221442
Servette FC vs FC Basel 1893,0.30482152,0.62340105,0.0717774
FC ST. Gallen vs FC Winterthur,0.82492906,0.14290029,0.032170653
BSC Young Boys vs FC Luzern,0.5862073,0.35357144,0.060221285
Yverdon Sport vs Lausanne,0.5794727,0.25481,0.16571727
