Spiel,Heimgewinn Chance,Unentschieden Chance,Auswärtsgewinn Chance
FC Basel 1893 vs Yverdon Sport,0.3989502,0.2739247,0.32712516
Lausanne vs FC Lugano,0.37073293,0.07066535,0.55860174
FC Luzern vs Grasshoppers,0.5462152,0.3765827,0.07720209
Stade Lausanne-Ouchy vs FC ST. Gallen,0.35946333,0.46126527,0.17927137
FC Winterthur vs BSC Young Boys,0.09514688,0.45201197,0.45284107
FC Zurich vs Servette FC,0.3832787,0.3914435,0.22527781
