Spiel,Heimgewinn Chance,Unentschieden Chance,Auswärtsgewinn Chance
Young Boys vs FC Winterthur,0.95496505,0.04033482,0.004700037
Basel vs Grasshopper,0.7546869,0.11092581,0.13438728
St. Gallen vs Sion,0.06577863,0.25300276,0.68121856
Luzern vs Servette FC,0.1044862,0.61923325,0.27628055
Zürich vs Lugano,0.35072315,0.38549805,0.26377884
